id, type, attributes
0, Alien Lime Female, Blonde Bob / Mole / Earring
1, Alien Gold, Mohawk
2, Alien Blue Female, Wild Hair
3, Alien Red, Wild Hair / Pipe / Nerd Glasses
4, Alien Lime, Goat / Wild Hair / Big Shades / Earring
5, Alien Lime Female, Half Shaved / Spots / Earring
6, Alien Lime, Do-rag
7, Alien Green Female, Spots / Wild White Hair / Clown Eyes Blue
8, Alien Red, Luxurious Beard / Messy Hair
9, Alien Green, Big Beard / Police Cap / Clown Nose
10, Alien Red Female, Mohawk / Rosy Cheeks
11, Alien Lime Female, Pink Lipstick / Straight Hair Dark / Clown Eyes Green
12, Alien Red Female, Purple Lipstick / Pink Short
13, Alien Blue Female, Pink Lipstick / Straight Hair Blonde / Big Shades
14, Alien Purple Female, Hot Lipstick / Pilot Helmet / Pipe
15, Alien Magenta, Luxurious Beard / Wild Hair / Regular Shades
16, Alien Lime, Stringy Hair / Laser Eyes Gold / Earring
17, Alien Orange, Mohawk
18, Alien Lime, Muttonchops / Eye Mask
19, Alien Red Female, Hot Lipstick / Bandana / Horned Rim Glasses
20, Alien Blue, Crazy Hair
21, Alien Blue, Messy Hair / Classic Shades / Earring
22, Alien Red Female, Purple Lipstick / Pilot Helmet
23, Alien Blue, Handlebars / Do-rag / Earring
24, Alien Gold, Mohawk Dark
25, Alien Red Female, Wild White Hair
26, Alien Green Female, Dark Hair
27, Alien, Peak Spike / Earring
28, Alien Purple, Crazy Hair / Big Shades
29, Alien Lime Female, Half Shaved Blonde / Horned Rim Glasses / Earring
30, Alien Purple, Normal Beard Black / Cap
31, Alien Purple Female, Stringy Hair
32, Alien Orange, VR
33, Alien Blue, Peak Spike
34, Alien Blue Female, Purple Lipstick / Frumpy Hair
35, Alien Purple, Normal Beard / Peak Spike / Cigarette / Horned Rim Glasses / Earring
36, Alien Lime Female, Red Mohawk
37, Alien Purple Female, Cap / Clown Eyes Blue
38, Alien Blue Female, Purple Lipstick / Frumpy Hair / Classic Shades
39, Alien Orange, Shaved Head / Regular Shades
40, Alien Gold, Chinstrap / Bandana
41, Alien Purple, Muttonchops / Wild Hair / Clown Eyes Green
42, Alien Purple Female, Wild Hair / Cigarette
43, Alien Green Female, Half Shaved
44, Alien, Messy Hair
45, Alien Lime, Mole / Earring
46, Alien Lime Female, Purple Lipstick / Straight Hair Dark
47, Alien Red, Knitted Cap
48, Alien, Mohawk / Big Shades
49, Alien Red Female, Bandana / Spots
50, Alien Lime, Spots / Fedora
51, Alien Lime, Muttonchops / Wild Hair / Earring
52, Alien Purple, Shadow Beard / Knitted Cap / Nerd Glasses / Earring
53, Alien Female, Straight Hair / Big Shades
54, Alien Purple, Hoodie
55, Alien, Eye Patch
56, Alien Purple, Shaved Head
57, Alien Blue, Headband
58, Alien Green, Normal Beard Black / Hoodie
59, Alien Magenta, Muttonchops / Cowboy Hat
60, Alien Blue Female, Purple Lipstick / Stringy Hair
61, Alien Blue Female, Dark Hair
62, Alien Red Female, Hot Lipstick / Mohawk Dark / Clown Eyes Blue / Earring
63, Alien Red, Shaved Head / Laser Eyes Gold / Earring
64, Alien Lime Female, Purple Lipstick / Straight Hair Blonde
65, Alien Green Female, Headband / Eye Mask
66, Alien Red Female, Tassle Hat
67, Alien Red Female, Purple Lipstick / Half Shaved Blonde / 3D Glasses
68, Alien Red, Do-rag / Nerd Glasses
69, Alien Lime, Normal Beard Black / Fedora
70, Alien Lime Female, Crazy Hair / Cigarette / Regular Shades / Earring
71, Alien Female, Purple Lipstick / Half Shaved Purple / Mole
72, Alien Purple, Normal Beard / Fedora / Nerd Glasses / Earring
73, Alien Green Female, Pink Lipstick / Bandana / Earring
74, Alien Red, Shadow Beard / Mohawk Dark / Earring
75, Alien Blue, Shadow Beard / Knitted Cap / Eye Patch
76, Alien Blue, Do-rag / Cigarette
77, Alien Purple, Handlebars / Stringy Hair
78, Alien Green, Handlebars / Knitted Cap / Eye Patch
79, Alien Purple, Normal Beard / Mohawk Dark
80, Alien Magenta, Mustache / Wild Hair
81, Alien Blue, Headband / Laser Eyes Gold
82, Alien Magenta, Headband
83, Alien Blue, Shaved Head / Vape / Laser Eyes Gold
84, Alien, Messy Hair / Big Shades / Earring
85, Alien Red Female, Crazy Hair
86, Alien Purple Female, Hot Lipstick / Knitted Cap / Mole / Earring
87, Alien Blue, Hoodie / Earring
88, Alien Blue Female, Hot Lipstick / Cap
89, Alien Red Female, Choker
90, Alien Lime, Hoodie / Eye Patch
91, Alien Female, Straight Hair / Clown Nose
92, Alien Blue Female, Purple Lipstick / Pink With Hat / Nerd Glasses
93, Alien Female, Bandana
94, Alien Red Female, Pink With Hat / Regular Shades / Earring
95, Alien Lime, Mohawk / Earring
96, Alien Female, Blonde Bob
97, Alien Lime, Wild Hair
98, Alien Blue Female, Pink Lipstick / Dark Hair / Laser Eyes Gold
99, Alien Green, Hoodie / Cigarette
100, Alien Green Female, Tassle Hat
101, Alien Lime, Police Cap / Nerd Glasses
102, Alien Lime, Luxurious Beard / Vampire Hair
103, Alien Purple Female, Burgundy Lipstick / Blonde Bob / Mole
104, Alien Red, Normal Beard Black / Crazy Hair / Eye Patch / Earring
105, Alien, Mohawk Thin
106, Alien Female, Straight Hair Blonde
107, Alien Green, Headband
108, Alien Female, Pink Lipstick / Headband
109, Alien Purple, Handlebars / Fedora / Earring
110, Alien Red Female, Purple Lipstick / Mohawk Dark / Cigarette / Earring
111, Alien Red, Handlebars / Knitted Cap
112, Alien Lime, Big Beard / Bandana / Horned Rim Glasses / Earring
113, Alien Magenta, Mohawk
114, Alien Purple Female, Red Mohawk
115, Alien Red Female, Half Shaved / Earring
116, Alien Red Female, Burgundy Lipstick / Tiara / Clown Eyes Blue / Earring
117, Alien Magenta, Front Beard Dark / Messy Hair
118, Alien Blue Female, Pink Lipstick / Bandana
119, Alien Lime, Cap / Earring
120, Alien Green Female, Tassle Hat / Big Shades
121, Alien Blue Female, Purple Lipstick / Tiara
122, Alien, Mohawk / Cigarette
123, Alien Lime Female, Spots / Wild White Hair
124, Alien Green, Normal Beard Black / Peak Spike / Earring
125, Alien Female, Purple Lipstick / Tassle Hat / Big Shades
126, Alien Magenta, Headband / Cigarette / Eye Patch / Earring
127, Alien Lime Female, Stringy Hair / Clown Eyes Green
128, Alien, Mole / Chinstrap / Police Cap / Vape
129, Alien Blue, Gold Chain / Cap Forward / Cigarette / Horned Rim Glasses
130, Alien, Mohawk
131, Alien Lime Female, Hot Lipstick / Straight Hair Dark
132, Alien Red, Mohawk Thin
133, Alien Magenta, Chinstrap / Purple Hair / Pipe
134, Alien Lime, Police Cap
135, Alien Blue, Cap Forward
136, Alien Red, Shadow Beard / Shaved Head / Clown Eyes Green
137, Alien Red, Messy Hair
138, Alien Blue, Stringy Hair / Horned Rim Glasses
139, Alien Green, Do-rag / Eye Patch
140, Alien Red Female, Hot Lipstick
141, Alien Purple, Chinstrap / Headband / 3D Glasses
142, Alien, Mohawk / Regular Shades
143, Alien Blue, Beanie / Horned Rim Glasses
144, Alien Red, Luxurious Beard / Frumpy Hair / Cigarette
145, Alien Blue, Wild Hair
146, Alien, Mohawk / Earring
147, Alien Magenta, Mohawk Thin / Regular Shades
148, Alien Lime, Hoodie
149, Alien Blue, Luxurious Beard / Messy Hair / Big Shades
150, Alien Green Female, Purple Lipstick / Earring
151, Alien Lime, Stringy Hair / VR
152, Alien Blue, Mohawk Dark / Clown Eyes Green
153, Alien Lime, Cap / Eye Mask / Earring
154, Alien Red, Shadow Beard / Hoodie / Earring
155, Alien Red, Clown Hair Green / Clown Nose
156, Alien Purple, Cap Forward / Laser Eyes Gold
157, Alien Green, Cap / Cigarette
158, Alien, Goat / Wild Hair / Regular Shades
159, Alien, Stringy Hair / Earring
160, Alien Lime Female, Purple Lipstick / Pigtails / Clown Eyes Blue
161, Alien Purple Female, Hot Lipstick / Frumpy Hair
162, Alien Lime, Normal Beard Black / Frumpy Hair / Horned Rim Glasses
163, Alien Red, Shaved Head / Eye Patch
164, Alien Lime Female, Stringy Hair / VR
165, Alien Green, Front Beard Dark / Mohawk Dark / Cigarette
166, Alien Red, Shaved Head / Regular Shades
167, Alien Green Female, Hot Lipstick / Headband
168, Alien Female, Silver Chain / Blonde Bob / Rosy Cheeks
169, Alien Green Female, Hot Lipstick / Wild White Hair / Regular Shades
170, Alien Blue, Mole / Peak Spike / Classic Shades
171, Alien Green, Mole / Stringy Hair / Earring
172, Alien Lime Female, Purple Lipstick / Blonde Bob / 3D Glasses
173, Alien Red Female, Hot Lipstick / Mole / Messy Hair / Pipe / Clown Eyes Blue
174, Alien Purple, Wild Hair / Horned Rim Glasses / Earring
175, Alien Lime, Cap / Big Shades
176, Alien Purple Female, Purple Lipstick / Wild Hair / Regular Shades / Earring
177, Alien Red, Luxurious Beard / Bandana
178, Alien Lime, Fedora
179, Alien Magenta, Shadow Beard / Mohawk Thin / Classic Shades
180, Alien Red Female, Hot Lipstick / Pilot Helmet
181, Alien Purple, Mohawk
182, Alien Magenta, Peak Spike
183, Alien, Shadow Beard
184, Alien Red Female, Blonde Bob / Mole
185, Alien Female, Hot Lipstick / Wild White Hair
186, Alien Red, Mustache / Crazy Hair
187, Alien Female, Straight Hair
188, Alien Red, Peak Spike / Nerd Glasses / Earring
189, Alien Blue Female, Purple Lipstick / Mohawk Thin
190, Alien Red, Headband
191, Alien Purple Female, Mohawk
192, Alien Green, Mohawk Thin / Nerd Glasses / Clown Nose / Earring
193, Alien Blue Female, Tassle Hat / Mole / Earring
194, Alien, Wild Hair / Clown Eyes Green
195, Alien Blue Female, Straight Hair Blonde / Nerd Glasses
196, Alien Female, Hot Lipstick / Tassle Hat / Big Shades
197, Alien Red, Frumpy Hair / Eye Patch
198, Alien Lime, Luxurious Beard / Beanie
199, Alien Female, Blonde Short / Classic Shades
200, Alien Red Female, Wild Hair
201, Alien Green Female, Hot Lipstick / Dark Hair / Cigarette / Rosy Cheeks
202, Alien Blue Female, Purple Lipstick / Headband / Earring
203, Alien Blue, Front Beard / Messy Hair / Regular Shades
204, Alien Lime, Crazy Hair / Regular Shades
205, Alien Lime, Normal Beard Black / Mohawk Dark / Big Shades
206, Alien, Cap Forward / Cigarette / Clown Nose
207, Alien Blue, Peak Spike / Pipe / Eye Patch
208, Alien Lime, Shaved Head / 3D Glasses / Earring
209, Alien Purple Female, Hot Lipstick / Stringy Hair
210, Alien Lime Female, Straight Hair Dark / Earring
211, Alien Purple, Goat / Mohawk Thin
212, Alien Purple Female, Hot Lipstick / Crazy Hair
213, Alien Lime Female, Crazy Hair
214, Alien Purple, Front Beard Dark / Mohawk
215, Alien Lime Female, Mohawk
216, Alien Lime, Bandana
217, Alien Green, Chinstrap / Mohawk Dark / Earring
218, Alien, Mole / Handlebars / Cap / Regular Shades
219, Alien Red Female, Rosy Cheeks / Bandana / Clown Eyes Blue / Earring
220, Alien Magenta, Headband / Big Shades
221, Alien Red, Muttonchops / Stringy Hair / Cigarette / Classic Shades
222, Alien Blue, Do-rag / Pipe / Laser Eyes Gold
223, Alien Blue, Normal Beard / Crazy Hair / Nerd Glasses
224, Alien, Headband / Cigarette / Nerd Glasses / Earring
225, Alien Lime Female, Hot Lipstick / Blonde Side / Earring
226, Alien Lime Female, Hot Lipstick
227, Alien Lime Female, Wild White Hair
228, Alien Lime, Peak Spike / Laser Eyes Gold
229, Alien Blue, Messy Hair / Cigarette
230, Alien Purple, Luxurious Beard / Knitted Cap
231, Alien Lime Female, Stringy Hair / Pipe / Earring
232, Alien Purple Female, Wild Hair / Rosy Cheeks
233, Alien Magenta Female, Hot Lipstick / Bandana
234, Alien, Knitted Cap / Nerd Glasses
235, Alien Blue, Frumpy Hair / Cigarette
236, Alien Blue, Muttonchops / Vampire Hair
237, Alien Purple, Mohawk / Regular Shades
238, Alien Green Female, Straight Hair Dark / Clown Eyes Green
239, Alien Orange, Goat / Mohawk
240, Alien Green Female, Straight Hair Blonde / Big Shades
241, Alien Female, Wild Blonde
242, Alien Purple Female, Pink Lipstick / Stringy Hair
243, Alien Blue, Front Beard / Police Cap / Cigarette / Earring
244, Alien Female, Purple Lipstick / Wild Hair / Regular Shades
245, Alien Red Female, Dark Hair
246, Alien Magenta, Luxurious Beard / Bandana / Earring
247, Alien Red Female, Mohawk Dark / Mole
248, Alien Purple Female, Messy Hair / Spots
249, Alien Blue Female, White Side
250, Alien Lime Female, Frumpy Hair / Clown Eyes Green / Earring
251, Alien Female, Mohawk Dark / Mole
252, Alien Magenta, Mole / Cap Forward
253, Alien Red Female, Blonde Short / Clown Eyes Green
254, Alien Blue, Fedora
255, Alien, Mustache / Shaved Head
256, Alien Red, Fedora / Vape / Eye Patch / Earring
257, Alien Orange, Cap
258, Alien Lime, Handlebars / Cap Forward
259, Alien Blue, Cap Forward / Eye Mask / Earring
260, Alien Purple, Purple Hair / 3D Glasses
261, Alien Purple Female, Pink Lipstick / Wild White Hair
262, Alien Purple Female, Blonde Short / Regular Shades
263, Alien Magenta, Muttonchops / Messy Hair
264, Alien Magenta Female, Wild White Hair / Earring
265, Alien Purple, Gold Chain / Cap Forward / Earring
266, Alien Purple, Do-rag / Laser Eyes Gold / Earring
267, Alien Purple, Fedora / Clown Nose
268, Alien Female, Knitted Cap
269, Alien Red, Luxurious Beard / Hoodie / Laser Eyes Gold / Earring
270, Alien Lime Female, Red Mohawk / Clown Eyes Blue
271, Alien Green, Stringy Hair
272, Alien Lime, Buck Teeth / Messy Hair
273, Alien Blue, Cap Forward / Big Shades
274, Alien Blue, Handlebars / Cap / Regular Shades / Earring
275, Alien Lime Female, Purple Lipstick / Stringy Hair / Spots
276, Alien Blue Female, Crazy Hair
277, Alien Blue Female, Red Mohawk
278, Alien Magenta Female, Pink Lipstick / Straight Hair Dark
279, Alien Lime Female, Purple Lipstick / Straight Hair Blonde / Rosy Cheeks
280, Alien Magenta, Earring
281, Alien Blue, 
282, Alien Magenta Female, Straight Hair Dark / Classic Shades
283, Alien Blue Female, Hot Lipstick / Frumpy Hair
284, Alien Magenta, Mohawk Thin
285, Alien Blue Female, Purple Lipstick / Dark Hair
286, Alien Magenta, Goat / Wild Hair
287, Alien Magenta Female, Mohawk / Cigarette / Spots
288, Alien Magenta, Shaved Head
289, Alien Lime Female, Mohawk Thin / Eye Patch
290, Alien Green Female, Wild Blonde
291, Alien Green, Mohawk Thin / Earring
292, Alien Female, Pink Lipstick / Tassle Hat
293, Alien, Handlebars / Mohawk Dark
294, Alien Purple, Hoodie / Big Shades / Earring
295, Alien Orange, Shaved Head
296, Alien Lime, Mohawk Thin
297, Alien Lime, Muttonchops / Crazy Hair
298, Alien Female, Half Shaved
299, Alien Purple, Muttonchops / Do-rag
300, Alien Blue, Goat / Headband
301, Alien Magenta Female, Hot Lipstick / Red Mohawk / Mole
302, Alien Green Female, Purple Lipstick / Bandana / Rosy Cheeks
303, Alien Purple Female, Purple Lipstick / Red Mohawk
304, Alien Lime, Shadow Beard / Peak Spike
305, Alien Magenta Female, Purple Lipstick / Blonde Bob / VR
306, Alien Female, Wild Hair / Vape
307, Alien Lime, Chinstrap / Frumpy Hair
308, Alien, Mole / Messy Hair / Horned Rim Glasses
309, Alien Green, Shaved Head / Big Shades
310, Alien Purple, Bandana / Vape / Classic Shades / Earring
311, Alien, Front Beard / Frumpy Hair
312, Alien Blue, Chinstrap / Cap Forward
313, Alien Blue Female, Purple Lipstick / Mohawk Dark
314, Alien Magenta, Police Cap / Eye Mask
315, Alien Lime Female, Burgundy Lipstick / Wild White Hair / Cigarette
316, Alien Red Female, Bandana
317, Alien Orange, Chinstrap / Bandana
318, Alien Magenta Female, Hot Lipstick / Bandana / Cigarette
319, Alien Female, Straight Hair Dark / Earring
320, Alien Purple, Stringy Hair
321, Alien Lime, Peak Spike
322, Alien Lime Female, Pink Lipstick / Pink With Hat / Clown Eyes Green
323, Alien Red, Mohawk Dark
324, Alien Magenta Female, Hot Lipstick / Blonde Bob / Earring
325, Alien Purple, Mustache / Police Cap / Laser Eyes Gold
326, Alien Red Female, Hot Lipstick / Wild White Hair / Earring
327, Alien Magenta, Crazy Hair
328, Alien Blue, Bandana / Horned Rim Glasses
329, Alien Lime Female, Bandana / Eye Patch
330, Alien Lime, Knitted Cap / Clown Eyes Green
331, Alien Magenta Female, Purple Lipstick / Tassle Hat / Earring
332, Alien Red, Stringy Hair / Horned Rim Glasses
333, Alien Female, Purple Lipstick / Straight Hair Blonde / Spots
334, Alien Purple, Big Beard / Wild Hair
335, Alien Green, Clown Hair Green
336, Alien Lime, Normal Beard / Top Hat / Nerd Glasses
337, Alien Lime, Frumpy Hair
338, Alien, Messy Hair / Laser Eyes Gold
339, Alien Magenta Female, Pink Lipstick / Mole / Cap / Big Shades / Earring
340, Alien Green, Muttonchops / Headband / Medical Mask / 3D Glasses
341, Alien Blue Female, Messy Hair / Earring
342, Alien Blue Female, Bandana / Regular Shades
343, Alien Blue, Shadow Beard / Police Cap
344, Alien Purple, Beanie
345, Alien Lime Female, Tassle Hat / Earring
346, Alien Green, Purple Hair
347, Alien Lime, Knitted Cap / Horned Rim Glasses
348, Alien Blue Female, Rosy Cheeks / Messy Hair / Nerd Glasses
349, Alien Red, Front Beard Dark / Mohawk Dark / Earring
350, Alien Lime Female, Stringy Hair
351, Alien, Mole / Goat / Purple Hair
352, Alien Lime Female, Straight Hair / Mole
353, Alien Female, Bandana / Mole
354, Alien Magenta, Police Cap / Cigarette
355, Alien Magenta Female, Burgundy Lipstick / Gold Chain / Wild White Hair / Mole
356, Alien, Stringy Hair
357, Alien Red Female, Tassle Hat / Earring
358, Alien, Luxurious Beard / Mohawk / Laser Eyes Gold
359, Alien Magenta Female, Hot Lipstick / Messy Hair
360, Alien Green, Normal Beard Black / Bandana
361, Alien Lime, Mohawk Dark
362, Alien Lime, Shadow Beard / Peak Spike / Eye Mask
363, Alien Magenta, Shadow Beard / Cowboy Hat / Nerd Glasses
364, Alien Magenta, Normal Beard Black / Hoodie
365, Alien Blue, Normal Beard / Do-rag
366, Alien Lime, Mohawk / Eye Mask / Earring
367, Alien Purple, Clown Hair Green
368, Alien Green Female, Purple Lipstick / Frumpy Hair
369, Alien, Luxurious Beard / Fedora / Earring
370, Alien Red, Rosy Cheeks / Peak Spike / Cigarette / Laser Eyes Gold
371, Alien Lime Female, Frumpy Hair
372, Alien Magenta, Cap Forward
373, Alien Purple, Headband / Earring
374, Alien Red Female, Bandana / Clown Eyes Blue
375, Alien Blue Female, Wild Hair / Mole
376, Alien Female, Half Shaved Blonde / Nerd Glasses
377, Alien Magenta, Normal Beard / Headband / Cigarette / Regular Shades / Earring
378, Alien Purple Female, Frumpy Hair / Earring
379, Alien Blue Female, Purple Lipstick / Mohawk Thin / Earring
380, Alien Blue Female, Burgundy Lipstick / Wild Hair / Earring
381, Alien Female, Purple Lipstick / Knitted Cap
382, Alien Female, Pilot Helmet / Cigarette
383, Alien Green Female, Straight Hair Blonde / Mole
384, Alien Lime Female, Purple Lipstick / Bandana / Classic Shades
385, Alien Lime Female, Choker / Wild Hair
386, Alien Lime, Do-rag / Earring
387, Alien Lime, Gold Chain / Cap Forward / Pipe
388, Alien Green Female, Hot Lipstick / Straight Hair Blonde / Clown Eyes Blue
389, Alien Blue, Rosy Cheeks / Do-rag
390, Alien Female, Messy Hair
391, Alien Red Female, Pink Lipstick / Wild Blonde / Eye Mask
392, Alien Green, Shaved Head
393, Alien, Cap Forward / Cigarette / VR
394, Alien Blue Female, Pink With Hat / Earring
395, Alien, Normal Beard / Cap Forward / Earring
396, Alien Lime Female, Straight Hair Blonde
397, Alien Green, Cowboy Hat
398, Alien Purple, Bandana
399, Alien Purple, Purple Hair / Laser Eyes Gold
400, Alien Green Female, Purple Lipstick / Blonde Bob / Spots
401, Alien Purple, Big Beard / Frumpy Hair / Earring
402, Alien Red, Front Beard Dark / Mohawk Thin
403, Alien Purple, Clown Hair Green / Classic Shades
404, Alien Blue Female, Silver Chain / Blonde Side / Cigarette
405, Alien Lime Female, Messy Hair
406, Alien Red, Hoodie / Nerd Glasses
407, Alien Female, Purple Lipstick / Wild Blonde / Earring
408, Alien Red, Cap Forward
409, Alien Blue Female, Pink Lipstick / Knitted Cap
410, Alien Magenta, Headband / Eye Patch
411, Alien Female, Burgundy Lipstick / Wild Hair / Clown Eyes Blue
412, Alien Magenta, Purple Hair / Classic Shades / Earring
413, Alien Magenta Female, Straight Hair
414, Alien Blue, Shadow Beard / Top Hat / Earring
415, Alien Orange, Mole / Police Cap / Laser Eyes Gold
416, Alien Gold, Hoodie / Cigarette
417, Alien Red Female, Straight Hair Dark
418, Alien Red Female, Burgundy Lipstick / Wild White Hair / Vape
419, Alien Lime Female, Bandana / Earring
420, Alien Magenta, Crazy Hair / Earring
421, Alien Lime, Front Beard / Wild Hair
422, Alien Female, Purple Lipstick / Dark Hair / Spots / Earring
423, Alien Red, Shaved Head / Clown Eyes Blue
424, Alien Magenta, Muttonchops / Hoodie / Regular Shades
425, Alien Red Female, Pink Lipstick / Messy Hair / Horned Rim Glasses
426, Alien Red, Peak Spike / Big Shades
427, Alien Purple Female, Messy Hair
428, Alien Purple Female, Spots
429, Alien Gold, Police Cap
430, Alien Purple Female, Purple Lipstick / Dark Hair / Earring
431, Alien Red Female, Headband / Horned Rim Glasses
432, Alien Lime, Messy Hair / Cigarette / Earring
433, Alien Lime, Normal Beard / Mohawk Thin / Regular Shades / Earring
434, Alien Magenta, Frumpy Hair / Eye Mask
435, Alien Lime, Muttonchops / Mohawk Thin
436, Alien Lime, Medical Mask
437, Alien, Front Beard Dark / Crazy Hair / Eye Patch
438, Alien Lime Female, Mohawk Dark
439, Alien Lime, Shadow Beard / Knitted Cap
440, Alien Purple Female, Burgundy Lipstick / Blonde Short
441, Alien Red, Shadow Beard / Stringy Hair
442, Alien, Front Beard / Cowboy Hat
443, Alien Purple Female, Wild Blonde
444, Alien Purple, Shadow Beard / Do-rag / Earring
445, Alien Purple Female, Purple Lipstick / Pilot Helmet / Pipe / Earring
446, Alien Green Female, Straight Hair Blonde / Cigarette / Nerd Glasses
447, Alien Lime, Stringy Hair / Big Shades
448, Alien, Shaved Head
449, Alien Green Female, Purple Lipstick / Straight Hair / Cigarette
450, Alien Lime, Fedora / Cigarette / Laser Eyes Gold
451, Alien Red, Do-rag
452, Alien Magenta, Knitted Cap
453, Alien Lime, Buck Teeth / Cap
454, Alien Purple, Chinstrap / Messy Hair / Medical Mask
455, Alien Purple, Luxurious Beard / Top Hat / VR
456, Alien Lime, Spots / Mohawk Thin / Nerd Glasses / Earring
457, Alien, Chinstrap / Knitted Cap / 3D Glasses
458, Alien Red, Normal Beard Black / Cap / Earring
459, Alien Red, Police Cap
460, Alien Female, Pink Lipstick / Choker / Mohawk Dark / Classic Shades / Earring
461, Alien Gold, Knitted Cap
462, Alien Purple, Cap Forward / Regular Shades / Clown Nose
463, Alien Green, Bandana / Vape
464, Alien Purple Female, Hot Lipstick / Mohawk Dark
465, Alien, Hoodie / Pipe / 3D Glasses
466, Alien Lime Female, Purple Lipstick / Blonde Bob
467, Alien Blue, Front Beard / Purple Hair / Classic Shades
468, Alien Purple, Peak Spike
469, Alien Blue Female, Frumpy Hair
470, Alien Red, Mole / Knitted Cap / Big Shades
471, Alien Red Female, Stringy Hair / Clown Eyes Green
472, Alien Red, Mustache / Wild Hair / Regular Shades
473, Alien Female, Straight Hair Dark / Mole
474, Alien Purple Female, Pigtails / Cigarette
475, Alien Magenta Female, Crazy Hair
476, Alien Green, Muttonchops / Mohawk / Pipe / Nerd Glasses
477, Alien Lime Female, Purple Lipstick / Mohawk Dark
478, Alien Red, Peak Spike / Cigarette
479, Alien Female, Dark Hair / Regular Shades
480, Alien Lime, Chinstrap / Top Hat / Earring
481, Alien Female, Wild Hair / Nerd Glasses
482, Alien Blue Female, Hot Lipstick / Tassle Hat
483, Alien, Mustache / Stringy Hair
484, Alien Red, Knitted Cap / Nerd Glasses
485, Alien Green, Big Beard / Headband / 3D Glasses / Earring
486, Alien Lime Female, Hot Lipstick / Straight Hair Blonde
487, Alien Purple, Crazy Hair
488, Alien Lime Female, Mole / Half Shaved Blonde / Earring
489, Alien Purple, Do-rag / Classic Shades
490, Alien Blue Female, Pigtails / Earring
491, Alien Female, Hot Lipstick / Half Shaved Purple / Rosy Cheeks
492, Alien, Shadow Beard / Shaved Head / Classic Shades
493, Alien Purple Female, Purple Lipstick / Wild Blonde
494, Alien, Front Beard Dark / Stringy Hair
495, Alien Gold, Crazy Hair
496, Alien Lime, Normal Beard Black / Cap / Laser Eyes Gold / Earring
497, Alien Blue, Mustache / Peak Spike
498, Alien Blue Female, Pink Short / Earring
499, Alien Blue Female, Straight Hair Blonde / Cigarette / Laser Eyes Gold
500, Alien Lime Female, Straight Hair
501, Alien Lime Female, Pilot Helmet / Earring
502, Alien, Normal Beard / Headband / Earring
503, Alien, Front Beard Dark / Mohawk Dark
504, Alien Purple Female, Pink Lipstick / Pilot Helmet / Earring
505, Alien Lime, Normal Beard / Headband
506, Alien Lime, Messy Hair / Big Shades
507, Alien Lime Female, Hot Lipstick / Dark Hair
508, Alien Lime, Knitted Cap / Earring
509, Alien Purple Female, Wild Hair / Regular Shades
510, Alien Lime, 
511, Alien Lime, Mole / Bandana
512, Alien Red, Hoodie / Cigarette
513, Alien Blue, Knitted Cap
514, Alien Magenta Female, Hot Lipstick / Straight Hair / Eye Patch
515, Alien Magenta, Normal Beard / Mohawk Dark
516, Alien Green, Normal Beard / Cowboy Hat / 3D Glasses
517, Alien Lime, Goat / Messy Hair / Pipe
518, Alien Lime, Mohawk / VR / Earring
519, Alien Blue, Frumpy Hair
520, Alien, Handlebars / Hoodie / Regular Shades
521, Alien Magenta Female, Blonde Bob
522, Alien Female, Blonde Bob / Nerd Glasses
523, Alien Gold, Stringy Hair
524, Alien Red, Muttonchops / Purple Hair
525, Alien Lime Female, Hot Lipstick / Silver Chain / Straight Hair Dark / Earring
526, Alien Magenta, Mole / Vampire Hair
527, Alien Blue Female, Hot Lipstick / Straight Hair Blonde / Regular Shades
528, Alien Blue Female, Mohawk
529, Alien Lime Female, Headband
530, Alien Green Female, Blonde Bob
531, Alien Red, Knitted Cap / Earring
532, Alien Purple Female, Mohawk Dark
533, Alien Blue, Spots / Peak Spike
534, Alien Purple Female, Pigtails Blonde / VR
535, Alien Lime, Mole / Mustache / Knitted Cap
536, Alien Red, Normal Beard / Hoodie / Horned Rim Glasses
537, Alien Red Female, Purple Lipstick / Pink With Hat
538, Alien Lime Female, Hot Lipstick / Knitted Cap / Mole
539, Alien Magenta, Mustache / Mohawk Dark / VR
540, Alien Blue, Shadow Beard / Mohawk
541, Alien, Front Beard Dark / Messy Hair / Nerd Glasses
542, Alien Lime, Goat / Stringy Hair / Medical Mask / Regular Shades
543, Alien Lime, Mustache / Stringy Hair / Earring
544, Alien Lime, Crazy Hair
545, Alien Purple Female, Messy Hair / VR
546, Alien Orange, Headband / Laser Eyes Gold
547, Alien Lime Female, Knitted Cap / Earring
548, Alien Purple Female, Burgundy Lipstick / Frumpy Hair
549, Alien Magenta, 3D Glasses
550, Alien Lime, Top Hat / Earring
551, Alien Green, Peak Spike / Earring
552, Alien Lime, Front Beard / Do-rag / VR
553, Alien Red Female, Wild Hair / 3D Glasses
554, Alien Red Female, Purple Lipstick / Wild Hair
555, Alien Purple, Mohawk / Horned Rim Glasses / Earring
556, Alien Red, Shadow Beard / Messy Hair
557, Alien Purple, Normal Beard Black / Crazy Hair / Laser Eyes Gold
558, Alien Magenta, Mohawk Dark / Earring
559, Alien Lime Female, Mohawk Thin
560, Alien Lime Female, Burgundy Lipstick / Blonde Bob
561, Alien Lime, Top Hat / 3D Glasses
562, Alien Lime, Rosy Cheeks / Cap / Eye Mask
563, Alien Blue Female, Straight Hair Dark / Pipe / VR / Earring
564, Alien Red, Big Beard / Mohawk
565, Alien Lime, Shadow Beard
566, Alien Lime Female, Wild Hair
567, Alien Purple, Bandana / VR
568, Alien Magenta, Peak Spike / VR
569, Alien Lime Female, Pink Lipstick / Knitted Cap
570, Alien Magenta, Muttonchops / Cap / Cigarette
571, Alien Blue Female, Purple Lipstick / Pigtails
572, Alien Red, Do-rag / Clown Eyes Blue
573, Alien Green Female, Mole / Wild White Hair / VR
574, Alien Blue, Goat / Bandana
575, Alien Blue Female, Burgundy Lipstick / Frumpy Hair
576, Alien Magenta Female, Burgundy Lipstick / Tassle Hat
577, Alien Green, Spots / Cap
578, Alien Green, Front Beard Dark / Fedora
579, Alien Red Female, Straight Hair Blonde / Earring
580, Alien Red Female, Tassle Hat / Clown Eyes Green
581, Alien Lime Female, Blonde Short / Cigarette / Earring
582, Alien Purple, Cap
583, Alien Blue, Do-rag / Classic Shades
584, Alien Purple Female, Hot Lipstick / Red Mohawk
585, Alien Red Female, Pink With Hat / Earring
586, Alien Female, Wild Hair / Spots
587, Alien, Do-rag / Earring
588, Alien Purple Female, Pink Lipstick / Tassle Hat / Cigarette / Big Shades / Earring
589, Alien Lime Female, Hot Lipstick / Mohawk / Regular Shades / Earring
590, Alien Red Female, Straight Hair Dark / Classic Shades
591, Alien, Goat / Shaved Head / Laser Eyes Gold
592, Alien Red, Purple Hair / Cigarette / Eye Patch
593, Alien Lime Female, Tiara / Nerd Glasses / Earring
594, Alien, Knitted Cap / Eye Patch
595, Alien Red, Headband / Eye Patch
596, Alien Lime Female, Blonde Bob / Medical Mask / Earring
597, Alien Red Female, Rosy Cheeks / Messy Hair
598, Alien Magenta Female, Wild White Hair / Spots / Earring
599, Alien Lime, Shadow Beard / Mohawk Thin
600, Alien Female, Purple Lipstick / Crazy Hair
601, Alien Red Female, Burgundy Lipstick / Mohawk Dark / Clown Eyes Blue
602, Alien Blue Female, Hot Lipstick / Crazy Hair
603, Alien Magenta Female, Pink Lipstick / Wild Blonde / Cigarette
604, Alien Lime Female, Purple Lipstick / Wild Hair
605, Alien Lime, Mole / Clown Hair Green / Cigarette / Laser Eyes Gold / Earring
606, Alien Female, Purple Lipstick / Mohawk Dark / Clown Eyes Green
607, Alien Lime, Stringy Hair / Clown Eyes Green / Earring
608, Alien, Stringy Hair / 3D Glasses
609, Alien Blue, Luxurious Beard / Do-rag
610, Alien Lime, Cap Forward / Big Shades / Earring
611, Alien Lime Female, Cap
612, Alien Magenta, Shadow Beard / Mohawk Dark / VR
613, Alien Blue, Chinstrap / Frumpy Hair
614, Alien Magenta Female, Headband
615, Alien Green, Wild Hair / Laser Eyes Gold
616, Alien Blue Female, Hot Lipstick / Straight Hair Blonde / Classic Shades
617, Alien Red, Normal Beard / Hoodie / Laser Eyes Gold
618, Alien Red Female, Wild Hair / Clown Eyes Green
619, Alien Green, Front Beard / Frumpy Hair / Eye Patch / Earring
620, Alien Lime Female, Straight Hair / Horned Rim Glasses
621, Alien Gold, Normal Beard / Peak Spike / Eye Patch / Earring
622, Alien Purple, Big Beard / Frumpy Hair / Horned Rim Glasses / Earring
623, Alien Gold, Normal Beard / Fedora / Horned Rim Glasses
624, Alien Purple, Crazy Hair / Big Shades / Earring
625, Alien Lime, Normal Beard Black / Stringy Hair / Cigarette / Eye Patch
626, Alien Lime, Cowboy Hat / Earring
627, Alien Magenta, Hoodie
628, Alien Magenta Female, Purple Lipstick / Stringy Hair / Spots / Earring
629, Alien Lime, Regular Shades
630, Alien Lime, Handlebars / Mohawk Thin
631, Alien Lime Female, Headband / Cigarette / Big Shades
632, Alien Lime, Peak Spike / Clown Eyes Blue
633, Alien Green, Spots / Cap / Regular Shades / Earring
634, Alien, Frumpy Hair / Big Shades
635, Alien Magenta, Bandana / Regular Shades
636, Alien Green, Chinstrap / Mohawk / Classic Shades
637, Alien Lime Female, Pink Lipstick / Straight Hair Dark
638, Alien Gold, Chinstrap / Top Hat / VR
639, Alien Red, Mole / Shadow Beard / Peak Spike
640, Alien Blue, Knitted Cap / Pipe
641, Alien Female, 
642, Alien Lime Female, Purple Lipstick / Pink With Hat
643, Alien Gold, Mustache / Mohawk
644, Alien Magenta, Mohawk Thin / Earring
645, Alien Blue, Goat / Cap / Horned Rim Glasses / Earring
646, Alien Purple Female, Hot Lipstick / Mohawk Dark / Mole / Earring
647, Alien Magenta Female, Bandana
648, Alien Blue, Big Beard / Peak Spike / Eye Patch
649, Alien Lime, Mustache / Do-rag / Pipe / Earring
650, Alien Red, Big Beard / Messy Hair
651, Alien Blue, Do-rag
652, Alien Red, Normal Beard Black / Mohawk Dark / Vape
653, Alien Lime Female, Wild Blonde / Rosy Cheeks
654, Alien Blue Female, Wild White Hair / Clown Eyes Green / Earring
655, Alien Blue, Chinstrap / Mohawk
656, Alien Gold, Mohawk Thin / Earring
657, Alien Green, Mustache / Cap / Cigarette / Classic Shades
658, Alien Magenta Female, Burgundy Lipstick / Mohawk
659, Alien Magenta Female, Mole / Gold Chain / Tassle Hat
660, Alien Purple Female, Purple Lipstick / Wild Hair / Spots / Earring
661, Alien Purple, Goat / Knitted Cap
662, Alien Magenta, Muttonchops / Purple Hair
663, Alien Purple, Frumpy Hair
664, Alien Blue Female, Tassle Hat / Horned Rim Glasses
665, Alien Lime, Luxurious Beard / Clown Hair Green / Regular Shades
666, Alien Blue Female, Purple Lipstick / Messy Hair
667, Alien Lime Female, Hot Lipstick / Mohawk Dark
668, Alien Green Female, Mohawk Dark / Clown Eyes Green
669, Alien Lime Female, Pink Lipstick / Mohawk Thin
670, Alien Purple Female, Mohawk Thin
671, Alien Red Female, Half Shaved / Classic Shades / Earring
672, Alien Blue Female, Purple Lipstick / Wild Blonde
673, Alien Lime, Mohawk Dark / Big Shades
674, Alien Magenta, Messy Hair / Nerd Glasses
675, Alien Purple Female, Mohawk Thin / Classic Shades
676, Alien Gold, Stringy Hair / Regular Shades
677, Alien Female, Bandana / Pipe / Clown Eyes Blue
678, Alien Purple, Do-rag / Earring
679, Alien Lime, Silver Chain / Muttonchops / Crazy Hair
680, Alien Purple, Front Beard Dark / Peak Spike
681, Alien Lime, Vampire Hair
682, Alien Lime Female, Pink Lipstick / Straight Hair Dark / Vape
683, Alien Magenta Female, Knitted Cap / VR / Earring
684, Alien Green Female, Purple Lipstick / Pink With Hat / Clown Eyes Blue / Earring
685, Alien Lime, Mohawk / Regular Shades
686, Alien Gold, Chinstrap / Shaved Head / Pipe / Earring
687, Alien Blue, Muttonchops / Peak Spike
688, Alien Purple Female, Clown Hair Green
689, Alien Purple Female, Burgundy Lipstick / Mole / Mohawk Thin / 3D Glasses
690, Alien Blue, Shadow Beard / Messy Hair / Nerd Glasses
691, Alien Lime Female, Messy Hair / Horned Rim Glasses / Earring
692, Alien Green, Frumpy Hair / Eye Mask
693, Alien Purple, Bandana / VR / Earring
694, Alien Blue, Messy Hair / Earring
695, Alien Lime Female, Tassle Hat / Rosy Cheeks
696, Alien Blue Female, Purple Lipstick / Mohawk Thin / Spots
697, Alien Purple Female, Hot Lipstick / Messy Hair
698, Alien Blue, Hoodie / Regular Shades
699, Alien Purple, Wild Hair
700, Alien Purple, Mohawk Dark / Earring
701, Alien Blue, Goat / Peak Spike
702, Alien, Muttonchops / Do-rag
703, Alien Blue, Peak Spike / Nerd Glasses
704, Alien Gold, Mustache / Cap Forward
705, Alien Lime, Crazy Hair / Horned Rim Glasses
706, Alien Lime Female, Tiara
707, Alien Lime Female, Hot Lipstick / Rosy Cheeks / Straight Hair
708, Alien Purple Female, Purple Lipstick / Straight Hair
709, Alien Red, Shadow Beard / Shaved Head / Earring
710, Alien Lime, Mustache / Headband / Regular Shades / Earring
711, Alien Magenta, Handlebars / Cap / Laser Eyes Gold
712, Alien Female, Purple Lipstick / Straight Hair
713, Alien Purple, Peak Spike / VR
714, Alien Lime Female, Half Shaved / Cigarette / Mole / Earring
715, Alien Blue, Normal Beard / Mohawk Thin / Earring
716, Alien Gold, Do-rag / Eye Patch / Earring
717, Alien Blue Female, Frumpy Hair / Mole / Earring
718, Alien Green, Spots / Do-rag
719, Alien Lime Female, Hot Lipstick / Pink With Hat / Earring
720, Alien Magenta, Cap Forward / Earring
721, Alien Purple Female, Pink Lipstick / Half Shaved
722, Alien Red, Normal Beard Black / Mohawk Dark / Big Shades
723, Alien Green, Wild Hair / Nerd Glasses
724, Alien Female, Red Mohawk / Spots
725, Alien Magenta, Normal Beard / Cap
726, Alien Lime, Mohawk Dark / Vape / Laser Eyes Gold / Earring
727, Alien Red Female, Burgundy Lipstick / Dark Hair
728, Alien Blue Female, Purple Lipstick / Cap / Earring
729, Alien Magenta Female, Straight Hair / Spots
730, Alien Blue, Shadow Beard / Bandana / Earring
731, Alien Purple, Shaved Head / Eye Mask
732, Alien Blue Female, Tassle Hat
733, Alien Blue Female, Purple Lipstick / Stringy Hair / Classic Shades
734, Alien Lime, Mohawk / Nerd Glasses
735, Alien Lime, Mole / Cowboy Hat / Nerd Glasses / Earring
736, Alien Lime Female, Burgundy Lipstick / Knitted Cap / Cigarette / Earring
737, Alien Purple Female, Stringy Hair / Clown Eyes Green / Earring
738, Alien Lime, Earring
739, Alien Green Female, Bandana
740, Alien Lime, Shadow Beard / Mohawk
741, Alien Red, 
742, Alien, Hoodie
743, Alien Purple, Front Beard / Stringy Hair / Earring
744, Alien Female, Tiara / Rosy Cheeks
745, Alien Lime, Mustache / Knitted Cap / Nerd Glasses
746, Alien Lime Female, Stringy Hair / Medical Mask
747, Alien Green, Cap / Classic Shades
748, Alien Purple, Shadow Beard / Frumpy Hair
749, Alien Red Female, Dark Hair / Mole
750, Alien Red, Chinstrap / Wild Hair / Regular Shades
751, Alien Lime, Frumpy Hair / Cigarette / Classic Shades
752, Alien Lime, Messy Hair
753, Alien Magenta Female, Purple Lipstick / Wild Hair
754, Alien Blue, Shadow Beard / Mohawk Dark / Nerd Glasses / Earring
755, Alien Magenta Female, Pink Lipstick / Mole / Blonde Bob / Cigarette / Clown Eyes Green / Earring
756, Alien Magenta Female, Cap / Rosy Cheeks
757, Alien Red Female, Purple Lipstick / Messy Hair / Earring
758, Alien Red Female, Pink Lipstick / Cigarette / Eye Patch
759, Alien Red Female, Dark Hair / Spots
760, Alien Magenta Female, Burgundy Lipstick / Frumpy Hair
761, Alien Red Female, Purple Lipstick / Straight Hair Dark
762, Alien Magenta, Purple Hair
763, Alien Green, Mohawk
764, Alien Green, Headband / Horned Rim Glasses
765, Alien Lime, Goat / Hoodie / Clown Eyes Green
766, Alien Lime Female, Pink Lipstick / Crazy Hair / Horned Rim Glasses
767, Alien Female, Pink Lipstick / Tassle Hat / Earring
768, Alien, Muttonchops / Cap Forward / Big Shades / Earring
769, Alien Lime, Silver Chain / Fedora
770, Alien Purple, Luxurious Beard / Crazy Hair / Regular Shades
771, Alien Lime, Shadow Beard / Stringy Hair / VR
772, Alien Blue, Normal Beard Black / Hoodie
773, Alien Magenta Female, Hot Lipstick / Straight Hair / Spots
774, Alien Lime, Shadow Beard / Do-rag / Earring
775, Alien Lime, Peak Spike / Eye Patch
776, Alien Purple Female, Purple Lipstick / Tassle Hat
777, Alien Lime, Spots / Chinstrap / Mohawk / Earring
778, Alien Magenta Female, Purple Lipstick / Clown Hair Green / Rosy Cheeks
779, Alien Magenta, Cap / Eye Patch
780, Alien Red Female, Wild Blonde / Big Shades
781, Alien Blue, Front Beard Dark / Police Cap / Regular Shades / Earring
782, Alien Female, Blonde Bob / Classic Shades
783, Alien, Mohawk / Horned Rim Glasses
784, Alien Blue, Silver Chain / Mohawk Thin / Medical Mask / 3D Glasses
785, Alien Green, Frumpy Hair / Earring
786, Alien, Normal Beard / Vampire Hair / Earring
787, Alien Green, Shadow Beard / Cap Forward / Earring
788, Alien, Mole / Mohawk Thin / Clown Eyes Green / Earring
789, Alien Blue Female, Cap
790, Alien Female, Cap / Horned Rim Glasses
791, Alien Purple, Shadow Beard / Mohawk Dark / Laser Eyes Gold / Earring
792, Alien, Bandana / Clown Eyes Blue
793, Alien Lime, Shadow Beard / Purple Hair
794, Alien Green, Headband / Clown Nose
795, Alien Lime Female, Hot Lipstick / Crazy Hair / Rosy Cheeks
796, Alien Female, Purple Lipstick / Bandana / Classic Shades
797, Alien Lime, Bandana / Cigarette
798, Alien Red, Spots
799, Alien, Mole / Fedora
800, Alien, Crazy Hair / Classic Shades
801, Alien, Shaved Head / Laser Eyes Gold
802, Alien Magenta, Hoodie / Eye Patch
803, Alien Red, Messy Hair / Nerd Glasses
804, Alien Red, Messy Hair / Vape
805, Alien Blue, Shadow Beard / Mohawk Thin
806, Alien Lime, Mohawk / Clown Nose
807, Alien Red, Handlebars / Cap / Earring
808, Alien Blue, Shadow Beard / Peak Spike / Earring
809, Alien Purple, Shaved Head / Earring
810, Alien Blue, Front Beard / Hoodie / Clown Eyes Blue
811, Alien, Front Beard / Stringy Hair / Earring
812, Alien Lime, Mohawk Dark / Clown Eyes Green
813, Alien Female, Wild White Hair
814, Alien Lime, Knitted Cap / 3D Glasses / Earring
815, Alien Blue Female, Blonde Bob / Cigarette
816, Alien Magenta, Mole / Cap
817, Alien Purple, Muttonchops / Wild Hair
818, Alien Green Female, Wild Blonde / Clown Eyes Green / Earring
819, Alien Blue, Shadow Beard / Headband / Pipe / 3D Glasses
820, Alien Lime, Mohawk Thin / Cigarette
821, Alien Green, Police Cap / Big Shades
822, Alien Purple Female, Blonde Bob / 3D Glasses
823, Alien Blue, Front Beard / Regular Shades
824, Alien Red, Beanie / Nerd Glasses
825, Alien Blue Female, Purple Lipstick / Rosy Cheeks / Wild Hair / Earring
826, Alien Magenta Female, Burgundy Lipstick / Messy Hair
827, Alien, Top Hat / VR
828, Alien Female, Hot Lipstick / Stringy Hair
829, Alien Blue Female, Hot Lipstick / Mohawk
830, Alien Female, Hot Lipstick / Wild Blonde / Earring
831, Alien Magenta Female, Purple Lipstick / Half Shaved
832, Alien Red Female, Red Mohawk / Cigarette
833, Alien Purple, Shadow Beard / Crazy Hair
834, Alien Lime Female, Straight Hair Blonde / Cigarette
835, Alien Red Female, Stringy Hair / Clown Eyes Blue / Earring
836, Alien Lime, Front Beard Dark / Knitted Cap
837, Alien Female, Burgundy Lipstick / Red Mohawk
838, Alien Blue Female, Pilot Helmet
839, Alien Magenta Female, Mole / Frumpy Hair / Spots
840, Alien Red, Mustache / Mohawk Dark / Cigarette
841, Alien Lime, Goat / Mohawk / Earring
842, Alien Gold, Purple Hair / Nerd Glasses
843, Alien Blue Female, Purple Lipstick / Pilot Helmet / Cigarette / Earring
844, Alien Red Female, Stringy Hair / Spots
845, Alien Female, Headband / Clown Eyes Green
846, Alien, Headband / Laser Eyes Gold / Earring
847, Alien Blue, Mohawk Thin / Clown Nose
848, Alien, Mustache / Messy Hair / Classic Shades
849, Alien Lime, Knitted Cap
850, Alien Blue, Bandana / Regular Shades
851, Alien Green, Top Hat
852, Alien Blue, Goat / Do-rag / Classic Shades
853, Alien Red, Mustache / Knitted Cap / Regular Shades
854, Alien Purple, Messy Hair / Earring
855, Alien Magenta Female, Bandana / Eye Patch
856, Alien Blue, Cap Forward / Regular Shades
857, Alien Blue Female, Purple Lipstick / Tassle Hat / Clown Eyes Green
858, Alien Lime Female, Straight Hair Blonde / Clown Eyes Green
859, Alien Purple, Chinstrap / Knitted Cap / VR
860, Alien Blue, Normal Beard / Cowboy Hat
861, Alien Purple Female, Straight Hair
862, Alien Purple, Mole / Silver Chain / Cowboy Hat / Cigarette
863, Alien Magenta Female, Pink Lipstick
864, Alien Magenta, Bandana / Nerd Glasses
865, Alien Green Female, Hot Lipstick / Mohawk Thin / Spots / Earring
866, Alien Magenta Female, Purple Lipstick / Straight Hair / Clown Eyes Green
867, Alien Magenta Female, Pink Lipstick / Pink Short / Cigarette / Clown Eyes Blue
868, Alien Female, Silver Chain / Frumpy Hair
869, Alien Purple, Front Beard Dark / Bandana / Laser Eyes Gold
870, Alien Female, Pink Short
871, Alien Lime, Wild Hair / Regular Shades
872, Alien Lime Female, Hot Lipstick / Wild Blonde / Vape
873, Alien Blue, Mustache / Mohawk Dark / Eye Patch
874, Alien Red Female, Wild Hair / Cigarette / Regular Shades / Earring
875, Alien Green Female, Wild White Hair / Regular Shades / Earring
876, Alien Red Female, Mole / Tassle Hat
877, Alien Blue, Luxurious Beard / Hoodie / Earring
878, Alien Lime, Muttonchops / Cap Forward
879, Alien Lime, Handlebars / Purple Hair / Classic Shades / Earring
880, Alien Green, Stringy Hair / Earring
881, Alien, Hoodie / Laser Eyes Gold
882, Alien Blue, Mohawk Dark / Cigarette
883, Alien Lime Female, Pink Lipstick / Pilot Helmet / Earring
884, Alien Blue Female, Purple Lipstick / Mohawk Dark / Earring
885, Alien Orange, Silver Chain / Knitted Cap
886, Alien Lime Female, Dark Hair / Rosy Cheeks
887, Alien, Shadow Beard / Mohawk Dark
888, Alien Lime Female, Straight Hair Dark / Clown Eyes Blue
889, Alien Purple, Mole / Shadow Beard / Mohawk Dark
890, Alien Lime, Shadow Beard / Shaved Head / VR
891, Alien Red, Shadow Beard / Top Hat / Earring
892, Alien Lime, Cap Forward / Earring
893, Alien Magenta Female, Messy Hair / Earring
894, Alien Magenta Female, Frumpy Hair / Earring
895, Alien Blue, Muttonchops / Do-rag / 3D Glasses
896, Alien, Gold Chain / Peak Spike
897, Alien, Muttonchops / Cap / Cigarette
898, Alien Purple Female, Blonde Bob / Spots
899, Alien Purple, Headband / Nerd Glasses
900, Alien, Front Beard / Messy Hair / Laser Eyes Gold
901, Alien Purple Female, Hot Lipstick / Tassle Hat / Cigarette
902, Alien Purple, Shadow Beard / Messy Hair / Nerd Glasses / Earring
903, Alien, Cap / Medical Mask / Horned Rim Glasses
904, Alien Green Female, Hot Lipstick / Half Shaved / Vape / Horned Rim Glasses
905, Alien Red, Mustache / Bandana
906, Alien Blue, Mole / Crazy Hair
907, Alien Purple Female, Hot Lipstick / Clown Hair Green
908, Alien Orange, Messy Hair / Pipe
909, Alien Lime, Stringy Hair / Nerd Glasses
910, Alien, Chinstrap / Headband / Earring
911, Alien Magenta, Shadow Beard / Shaved Head
912, Alien Purple Female, Straight Hair Blonde / Cigarette / Spots
913, Alien Purple, Fedora
914, Alien Red Female, Cap / Big Shades
915, Alien Lime, Front Beard Dark / Cowboy Hat
916, Alien Blue Female, Headband
917, Alien Green Female, Mohawk / Cigarette / Earring
918, Alien Green, Rosy Cheeks / Hoodie / Vape
919, Alien Blue, Muttonchops / Messy Hair
920, Alien Gold, Chinstrap / Vampire Hair / VR / Earring
921, Alien Female, Red Mohawk / Cigarette / Regular Shades / Earring
922, Alien Blue Female, Straight Hair Blonde / Horned Rim Glasses
923, Alien Purple, Shadow Beard / Mohawk Thin
924, Alien, Luxurious Beard / Hoodie / 3D Glasses / Earring
925, Alien, Muttonchops / Peak Spike / Vape / Big Shades / Earring
926, Alien, Mole / Stringy Hair
927, Alien Purple Female, Burgundy Lipstick / Blonde Bob / Clown Eyes Blue
928, Alien Green, Silver Chain / Front Beard / Headband / Classic Shades
929, Alien Lime Female, Pink Short
930, Alien Lime, Purple Hair / Eye Patch
931, Alien Red Female, Pilot Helmet
932, Alien Red, Luxurious Beard / Bandana / Earring
933, Alien Purple, Mustache / Wild Hair
934, Alien Magenta Female, Mohawk
935, Alien Purple, Mohawk Dark / Regular Shades
936, Alien, Mole / Do-rag / Earring
937, Alien Magenta Female, Messy Hair
938, Alien Lime, Front Beard Dark / Stringy Hair / Earring
939, Alien Lime, Hoodie / VR / Earring
940, Alien Lime, Handlebars / Headband / Nerd Glasses
941, Alien Purple, Mohawk Dark / Cigarette / Eye Patch
942, Alien Purple, Headband / Eye Mask
943, Alien Red, Cowboy Hat
944, Alien Female, Purple Lipstick / White Side
945, Alien, Cowboy Hat / Big Shades / Clown Nose
946, Alien Red, Front Beard / Wild Hair / Classic Shades
947, Alien Red, Normal Beard Black / Mohawk Dark
948, Alien Blue Female, Tassle Hat / 3D Glasses
949, Alien Magenta Female, Pigtails / Rosy Cheeks
950, Alien Lime, Luxurious Beard / Knitted Cap
951, Alien Magenta Female, Tassle Hat
952, Alien Lime Female, Mole / Straight Hair Dark / Eye Patch / Earring
953, Alien Lime, Normal Beard Black / Shaved Head
954, Alien Magenta Female, Frumpy Hair / Nerd Glasses / Earring
955, Alien Purple, Vampire Hair / Earring
956, Alien Purple, Peak Spike / Laser Eyes Gold
957, Alien Blue, Goat
958, Alien Blue, Mohawk Dark / Eye Mask
959, Alien Orange, Normal Beard Black / Police Cap / Pipe / Earring
960, Alien Lime Female, Purple Lipstick / Straight Hair Blonde / Clown Eyes Blue / Earring
961, Alien Magenta, Mole / Headband
962, Alien Orange, Police Cap / Eye Mask
963, Alien Magenta Female, Cap / Eye Mask
964, Alien Purple, Luxurious Beard / Headband / Earring
965, Alien, Purple Hair / Clown Eyes Blue / Earring
966, Alien Blue Female, Purple Lipstick / Mole / Red Mohawk / Earring
967, Alien, Do-rag / VR / Earring
968, Alien Lime, Cap
969, Alien, Shadow Beard / Cap Forward
970, Alien Lime, Muttonchops / Vampire Hair
971, Alien Magenta Female, Hot Lipstick / Red Mohawk
972, Alien Green, Crazy Hair / VR
973, Alien Red, Big Beard / Peak Spike / Earring
974, Alien Red Female, Hot Lipstick / Bandana / Classic Shades
975, Alien Magenta, Normal Beard / Knitted Cap
976, Alien Green Female, Straight Hair Blonde / Regular Shades
977, Alien Blue Female, Purple Lipstick / Tassle Hat
978, Alien Magenta, Wild Hair
979, Alien Blue, Luxurious Beard / Messy Hair / Laser Eyes Gold
980, Alien Lime Female, Burgundy Lipstick / Mohawk Dark
981, Alien Lime, Chinstrap / Peak Spike / Earring
982, Alien Purple Female, Wild Blonde / Nerd Glasses
983, Alien Green Female, Purple Lipstick / Messy Hair
984, Alien Lime Female, Messy Hair / Earring
985, Alien Lime Female, Blonde Bob / Big Shades
986, Alien Gold, Normal Beard Black / Peak Spike / Earring
987, Alien Magenta, Wild Hair / Horned Rim Glasses
988, Alien Female, Hot Lipstick / Red Mohawk
989, Alien Lime, Mustache / Shaved Head
990, Alien Lime Female, Purple Lipstick / Stringy Hair
991, Alien Lime Female, Pink Lipstick / Tassle Hat / Clown Eyes Blue
992, Alien Magenta Female, Red Mohawk / Spots
993, Alien, Mole / Messy Hair / Horned Rim Glasses / Earring
994, Alien Magenta Female, Burgundy Lipstick / Spots / Knitted Cap / Vape
995, Alien Lime, Front Beard / Bandana / Horned Rim Glasses / Earring
996, Alien Blue Female, Cap / Cigarette / Spots
997, Alien Female, Straight Hair Dark / Horned Rim Glasses
998, Alien Red, Buck Teeth / Normal Beard / Stringy Hair / Horned Rim Glasses
999, Alien Red, Normal Beard / Headband / Pipe
